dimension,qubits,shots,iterations,runtime_seconds,final_residual
2,1,100,4,0.025194400048349053,4.510614104447086e-12
2,1,500,4,0.023772699991241097,4.510614104447086e-12
2,1,1000,4,0.041077000030782074,4.510614104447086e-12
4,2,100,8,0.07229909999296069,1.3711681259602699e-08
4,2,500,7,0.05909909994807094,6.691091204225658e-09
4,2,1000,6,0.06971810001414269,6.244572946230083e-09
8,3,100,12,0.12834070000099018,1.1956875592175905e-08
8,3,500,9,0.07870199996978045,2.3191330912645866e-09
8,3,1000,8,0.05604290001792833,1.0671963232307285e-08
